h,den,ve,k,vis,sp,d,angle
7001.73,1000,1.4569,0.5343,0.724,0.999,0.01905,0.384
6776.87,1000,0.8931,0.5343,0.73065,0.999,0.01905,0.6283
8695.88,1000,0.951,0.5047,1.22115,1.01005,0.01905,0.6981
4870.95,993.08,1.594,0.53825,0.685,0.99855,0.0254,0.2967
3113.4,993.29,1.01,0.5341,0.7318,1.0082,0.0254,0.1571
4587.49,994.35,1.47,0.5345,0.7271,0.99865,0.0254,0.2793
2758.5,993.165,0.99,0.5345,0.7271,0.99865,0.0254,0.2443
2051.84,992.03,1.53,0.5378,0.6891,1.00845,0.0254,0.2269
